{
  "metrics": {
    "Logistic Regression": {
      "accuracy": 0.975,
      "precision": 0.0,
      "recall": 0.0,
      "f1_score": 0.0,
      "roc_auc": 0.5
    },
    "Isolation Forest": {
      "accuracy": 0.975,
      "precision": 0.0,
      "recall": 0.0,
      "f1_score": 0.0,
      "roc_auc": 0.5
    },
    "XGBoost": {
      "accuracy": 0.975,
      "precision": 0.0,
      "recall": 0.0,
      "f1_score": 0.0,
      "roc_auc": 0.5
    },
    "Quantum VQC": {
      "accuracy": 0.025,
      "precision": 0.025,
      "recall": 1.0,
      "f1_score": 0.04878048780487805,
      "roc_auc": 0.0
    }
  },
  "training_times": {
    "Logistic Regression": 0.008166313171386719,
    "Isolation Forest": 0.11367297172546387,
    "XGBoost": 0.036948442459106445,
    "Quantum VQC": 0.08896398544311523
  }
}