{"threshold": 0.9375110504211462, "f1": 0.11764705882352941}