{"threshold": 0.02906856709999607, "f1": 0.15789473684210525}