{"threshold": 0.07842705398797989, "f1": 0.30769230769230765}